no_of_ifs,no_of_switches,no_of_loop,no_of_break,priority_queue_present,no_of_sort,hash_set_present,hash_map_present,recursion_present,nested_loop_depth,noOfVariables,noOfMethods,noOfJumps,noOfStatements,complexity,file_name
0,0,0,0,0,0,0,0,0,0,3,1,0,4,1,1001.java
1,0,1,0,0,0,0,0,0,1,4,1,0,5,1,1100.java
2,0,0,0,0,0,0,0,0,0,9,1,0,13,1,1101.java
0,0,0,0,0,0,0,0,0,0,5,1,0,5,1,1102.java
11,0,0,0,0,0,0,0,0,0,8,1,0,22,1,1103.java
5,0,2,0,0,1,0,0,0,1,14,3,3,19,1,1104.java
2,0,2,0,0,0,0,0,0,1,9,3,2,12,1,1105.java
0,0,1,0,0,0,0,0,0,1,9,3,2,7,1,1106.java
0,0,0,0,0,0,0,0,0,0,11,1,0,11,1,1107.java
0,0,0,0,0,0,0,0,0,0,4,1,0,4,1,1108.java
0,0,0,0,0,0,0,0,0,0,5,1,0,4,1,1109.java
4,0,1,0,0,0,0,0,0,1,7,1,0,10,1,1110.java
10,0,2,0,0,0,0,0,0,1,16,6,4,30,1,1111.java
1,0,0,0,0,0,0,0,0,0,5,1,0,6,1,1112.java
1,0,2,0,0,0,0,0,0,1,14,4,2,11,1,1113.java
2,0,1,0,0,0,0,0,0,1,10,3,2,13,1,1114.java
1,0,1,0,0,0,0,0,0,1,13,3,2,10,1,1115.java
3,0,0,0,0,0,0,0,0,0,7,1,0,10,1,1116.java
2,0,0,0,0,0,0,0,0,0,8,1,0,10,1,1117.java
1,0,0,0,0,0,0,0,0,0,9,2,2,9,1,1118.java
0,0,2,0,0,0,0,0,0,1,10,1,0,14,1,1119.java
0,0,0,0,0,0,0,0,0,0,11,1,0,13,1,1120.java
1,0,0,0,0,0,0,0,0,0,7,3,2,4,1,1121.java
1,0,0,0,0,0,0,0,0,0,12,3,2,4,1,1122.java
2,0,1,1,0,0,0,0,0,1,8,1,1,11,1,1123.java
2,0,0,0,0,0,0,0,0,0,9,1,0,10,1,1124.java
0,0,0,0,0,0,0,0,0,0,9,1,0,11,1,1125.java
0,0,1,0,0,0,0,0,0,1,5,3,2,3,1,1126.java
0,0,0,0,0,0,0,0,0,0,6,2,1,5,1,1127.java
0,0,1,0,0,0,0,0,0,1,15,4,2,12,1,1128.java
0,0,1,0,0,0,0,0,0,1,8,1,0,12,1,1129.java
0,0,3,0,0,0,0,0,0,1,12,3,2,14,1,1130.java
2,0,0,0,0,0,0,0,0,0,11,1,0,18,1,1131.java
7,0,0,0,0,0,0,0,1,0,15,3,3,20,1,1132.java
1,0,1,0,0,0,0,0,0,1,18,4,2,14,1,1133.java
1,0,0,0,0,0,0,0,0,0,6,1,0,7,1,1134.java
0,0,1,0,0,0,0,0,0,1,13,4,2,10,1,1135.java
0,0,1,0,0,0,0,0,0,1,8,3,2,7,1,1136.java
1,0,0,0,0,0,0,0,0,0,21,2,2,16,1,1137.java
1,0,0,0,0,0,0,0,0,0,12,1,0,13,1,1138.java
2,0,0,0,0,0,0,0,0,0,10,3,2,10,1,1139.java
1,0,0,0,0,0,0,0,0,0,5,1,0,6,1,1140.java
3,0,1,0,0,0,0,0,0,1,7,3,2,8,1,1141.java
2,0,1,0,0,0,0,0,0,1,10,3,2,13,1,1142.java
7,0,2,0,0,0,0,0,0,1,29,10,6,25,1,1143.java
5,0,1,0,0,0,0,0,0,1,13,4,2,18,1,1144.java
0,0,0,0,0,0,0,0,0,0,3,1,0,1,1,1145.java
6,0,1,0,0,0,0,0,0,1,9,3,2,14,1,1146.java
0,0,0,0,0,0,0,0,0,0,8,1,0,8,1,1147.java
4,0,2,0,0,0,0,0,0,1,15,5,4,20,1,1148.java
1,0,0,0,0,0,0,0,0,0,3,1,0,4,1,1149.java
1,0,0,0,0,0,0,0,0,0,3,1,0,4,1,1150.java
1,0,1,0,0,0,0,0,0,1,13,4,2,11,1,1151.java
6,0,1,0,0,0,0,0,0,1,13,4,2,21,1,1152.java
2,0,1,1,0,0,0,0,0,1,9,4,4,11,1,1153.java
1,0,0,0,0,0,0,0,0,0,5,1,0,6,1,1154.java
4,0,0,0,0,0,0,0,0,0,16,1,0,26,1,1155.java
5,0,0,0,0,0,0,0,0,0,15,1,0,25,1,1156.java
1,0,1,0,0,0,0,0,0,1,3,1,0,4,1,1173.java
0,0,1,0,0,0,0,0,0,1,8,3,2,4,1,1175.java
0,0,0,0,0,0,0,0,0,0,2,1,0,2,1,1176.java
1,0,1,0,0,0,0,0,0,1,15,3,2,11,1,1177.java
2,0,6,0,0,0,0,0,0,2,14,1,1,16,1,1180.java
8,0,2,0,0,0,0,0,0,1,25,10,6,26,1,1181.java
2,0,0,0,0,0,0,0,0,0,3,1,0,5,1,1182.java
6,0,2,0,0,0,0,0,0,1,14,5,5,12,1,1183.java
1,0,0,0,0,0,0,0,0,0,6,1,0,7,1,1184.java
12,0,2,0,0,0,0,0,0,1,83,15,24,48,1,1185.java
2,0,6,0,0,0,0,0,0,2,23,5,6,19,1,1186.java
0,0,1,0,0,0,0,0,0,1,15,3,2,11,1,1187.java
0,0,1,0,0,0,0,0,0,1,15,3,2,11,1,1188.java
0,0,1,0,0,0,0,0,0,1,14,4,2,11,1,1189.java
1,0,1,0,0,0,0,0,0,1,13,4,2,11,1,1190.java
2,0,1,0,0,0,0,0,1,1,9,3,3,8,1,1191.java
1,0,0,0,0,0,0,0,0,0,10,1,0,9,1,1192.java
1,0,0,0,0,0,0,0,0,0,6,1,0,7,1,1193.java
1,0,1,0,0,0,0,0,0,1,8,3,2,8,1,1194.java
1,0,0,0,0,0,0,0,0,0,7,2,2,6,1,1195.java
1,0,1,0,0,0,0,0,0,1,3,1,0,4,1,1196.java
1,0,1,0,0,0,0,0,0,1,3,1,0,4,1,1197.java
0,0,0,0,0,0,0,0,0,0,9,1,0,7,1,1198.java
1,0,0,0,0,0,0,0,0,0,3,1,0,4,1,1199.java
2,0,0,0,0,0,0,0,0,0,8,1,0,10,1,1200.java
2,0,0,0,0,0,0,0,0,0,12,1,0,9,1,1201.java
3,0,6,0,0,0,0,0,0,2,24,3,2,32,1,1202.java
2,0,5,0,0,0,0,0,0,2,15,3,2,18,1,1203.java
2,0,0,0,0,0,0,0,0,0,4,1,0,7,1,1204.java
0,0,0,0,0,0,0,0,0,0,3,1,0,4,1,1205.java
1,0,0,0,0,0,0,0,0,0,8,1,0,9,1,1206.java
2,0,0,0,0,0,0,0,0,0,7,2,0,9,1,1207.java
10,0,0,0,0,0,0,0,0,0,31,2,11,46,1,1208.java
3,0,6,0,0,0,0,0,0,1,24,6,6,26,1,1209.java
0,0,0,0,0,0,0,0,0,0,4,1,0,4,1,1210.java
7,0,2,0,0,0,0,0,0,1,21,6,3,25,1,1211.java
3,0,1,0,0,0,0,0,0,1,6,3,2,10,1,1213.java
2,0,1,0,0,0,0,0,0,1,17,3,3,16,1,1214.java
1,0,1,0,0,0,0,0,0,1,6,3,2,5,1,1215.java
5,0,1,0,0,0,0,0,0,1,12,4,2,26,1,172.java
2,0,0,0,0,0,0,0,0,0,5,3,2,11,1,217.java
7,0,0,0,0,0,0,0,0,0,4,2,8,5,1,492.java
0,0,0,0,0,0,0,0,0,0,5,1,0,5,1,600.java
2,0,0,0,0,0,0,0,0,0,5,1,0,6,1,601.java
1,0,0,0,0,0,0,0,0,0,5,1,0,6,1,602.java
2,0,0,0,0,0,0,0,0,0,13,1,1,13,1,615.java
1,0,1,0,0,0,0,0,0,1,14,3,2,19,1,616.java
0,0,2,0,0,0,0,0,0,1,9,3,2,9,1,619.java
3,0,1,0,0,0,0,0,0,1,12,3,2,12,1,63.java
3,0,0,0,0,0,0,0,0,0,3,1,0,6,1,643.java
5,0,1,0,0,0,0,0,0,1,7,3,3,7,1,644.java
6,0,0,0,0,0,0,0,0,0,12,2,4,14,1,645.java
6,0,4,0,0,1,0,0,0,2,17,1,0,26,1,646.java
18,0,4,2,0,1,0,0,0,1,10,2,3,25,1,647.java
24,0,1,0,0,0,0,0,0,1,17,1,0,37,1,648.java
6,0,0,0,0,0,0,0,0,0,5,1,0,11,1,718.java
0,0,1,0,0,0,0,0,0,1,8,1,0,12,1,733.java
10,0,3,0,0,0,0,0,0,1,33,10,6,34,1,743.java
1,0,0,0,0,0,0,0,0,0,5,1,0,7,1,745.java
1,0,1,0,0,0,0,0,0,1,15,5,2,17,1,757.java
0,0,0,0,0,0,0,0,0,0,5,1,0,5,1,766.java
2,0,0,0,0,0,0,0,0,0,7,1,0,9,1,775.java
0,0,0,0,0,0,0,0,0,0,13,1,0,19,1,780.java
0,0,1,0,0,0,0,0,0,1,6,2,1,7,1,781.java
4,0,2,0,0,0,0,0,0,1,52,8,7,48,1,782.java
1,0,0,0,0,0,0,0,0,0,3,1,0,4,1,791.java
0,0,1,0,0,0,0,0,0,1,6,1,0,6,1,802.java
0,0,1,0,0,0,0,0,0,1,6,1,0,4,1,804.java
3,0,0,0,0,0,0,0,0,0,3,1,0,5,1,813.java
4,0,1,0,0,0,0,0,0,1,23,2,1,25,1,816.java
1,1,2,4,0,0,0,0,0,1,13,3,6,14,1,830.java
0,0,1,0,0,0,0,0,0,1,9,3,2,7,1,832.java
0,0,0,0,0,0,0,0,0,0,5,1,0,6,1,835.java
6,0,0,0,0,0,0,0,0,0,8,1,0,18,1,842.java
1,0,1,0,0,0,0,0,0,1,3,1,0,4,1,858.java
1,0,0,0,0,0,0,0,0,0,7,3,3,7,1,868.java
1,0,5,0,0,0,0,0,0,2,15,1,0,18,1,878.java
2,0,1,0,0,0,0,0,0,1,5,3,2,5,1,889.java
6,0,3,0,0,0,1,0,0,1,13,3,2,24,1,910.java
1,0,0,0,0,0,0,0,0,0,7,1,0,9,1,923.java
4,0,4,0,0,0,0,0,0,2,23,1,0,24,1,925.java
5,0,6,0,0,0,0,0,0,2,75,5,4,71,1,931.java
0,0,1,0,0,0,0,0,0,1,5,3,2,3,1,995.java
6,0,2,0,0,0,0,0,0,1,16,5,5,12,1,996.java
0,0,0,0,0,0,0,0,0,0,3,2,1,2,1,262.java
5,0,1,0,0,0,0,0,1,1,13,3,5,11,logn,111.java
10,0,3,0,0,0,0,0,0,1,29,6,8,39,logn,1157.java
7,0,3,0,0,0,0,0,0,2,14,6,7,24,logn,1158.java
5,0,1,0,0,0,0,0,0,1,8,1,1,18,logn,1159.java
7,0,3,0,0,0,0,0,0,1,17,6,6,17,logn,1160.java
10,0,3,0,0,0,0,0,0,1,29,6,8,39,logn,1161.java
12,0,3,0,0,0,0,0,0,1,29,6,8,41,logn,1162.java
5,0,2,1,0,0,0,0,0,1,25,6,7,25,logn,1164.java
5,0,3,0,0,0,0,0,0,1,18,6,3,19,logn,1165.java
4,0,2,0,0,0,0,0,0,1,23,7,4,31,logn,1166.java
4,0,1,0,0,0,0,0,0,1,8,1,0,18,logn,1168.java
3,0,2,0,0,0,0,0,0,1,15,3,2,21,logn,1169.java
3,0,1,0,0,0,0,0,0,1,11,2,1,14,logn,1170.java
3,0,1,0,0,0,0,0,1,1,22,4,5,17,logn,1171.java
7,0,0,0,0,0,0,0,1,0,10,2,7,8,logn,125.java
6,0,0,0,0,0,0,0,1,0,13,3,7,7,logn,127.java
5,0,1,0,0,0,0,0,1,1,13,4,7,16,logn,1500.java
5,0,0,0,0,0,0,0,1,0,14,2,3,13,logn,1501.java
4,0,1,0,0,0,0,0,1,1,16,2,3,16,logn,1502.java
4,0,2,0,0,0,0,0,0,1,13,3,4,14,logn,1503.java
7,0,0,0,0,0,0,0,1,0,10,2,7,8,logn,1504.java
7,0,0,0,0,0,0,0,1,0,9,3,7,6,logn,1505.java
2,0,1,0,0,0,0,0,0,1,8,2,2,12,logn,1506.java
4,0,1,0,0,0,0,0,0,1,16,2,2,29,logn,1507.java
3,0,2,0,0,0,0,0,0,1,7,4,5,8,logn,1508.java
4,0,1,0,0,0,0,0,0,1,10,2,2,26,logn,1509.java
5,0,2,0,0,0,0,0,0,1,18,4,6,18,logn,1510.java
4,0,1,0,0,0,0,0,0,1,11,2,2,17,logn,1511.java
2,0,1,0,0,0,0,0,0,1,8,2,2,8,logn,1512.java
3,0,0,0,0,0,0,0,1,0,7,2,4,4,logn,1513.java
2,0,1,0,0,0,0,0,0,1,6,2,2,10,logn,1514.java
5,0,0,0,0,0,0,0,1,0,7,2,6,3,logn,1515.java
0,0,2,0,0,0,0,0,0,1,7,3,1,10,logn,218.java
5,0,0,0,0,0,0,0,1,0,7,2,6,4,logn,22.java
5,0,0,0,0,0,0,0,1,0,23,2,6,28,logn,5.java
4,0,0,0,0,0,0,0,1,0,11,2,4,8,logn,512.java
3,0,1,0,0,0,0,0,0,1,11,2,2,11,logn,513.java
4,0,1,0,0,0,0,0,1,1,6,4,7,4,logn,516.java
11,0,0,0,0,0,0,0,1,0,17,4,14,7,logn,519.java
9,0,0,0,0,0,0,0,1,0,12,3,10,8,logn,521.java
7,0,0,0,0,0,0,0,1,0,10,2,7,8,logn,527.java
4,0,2,0,0,0,0,0,1,1,16,3,6,13,logn,529.java
3,0,0,0,0,0,0,0,1,0,7,2,4,4,logn,534.java
5,0,0,0,0,0,0,0,1,0,7,2,6,4,logn,536.java
2,0,0,0,0,0,0,0,1,0,10,3,4,4,logn,538.java
5,0,0,0,0,0,0,0,1,0,23,2,6,28,logn,539.java
6,0,0,0,0,0,0,0,1,0,11,2,6,8,logn,540.java
3,0,0,0,0,0,0,0,1,0,8,2,4,5,logn,543.java
3,0,0,0,0,0,0,0,1,0,8,2,4,5,logn,56.java
6,0,1,0,0,0,0,0,0,1,24,6,7,32,logn,715.java
4,0,4,1,0,0,0,0,0,2,14,5,7,20,logn,783.java
5,0,1,0,0,0,0,0,0,1,8,1,1,18,logn,794.java
3,0,2,0,0,0,0,0,0,1,15,2,0,25,logn,927.java
7,0,0,0,0,0,0,0,1,0,22,4,10,11,logn,530.java
5,0,1,0,0,0,0,0,0,1,8,1,0,36,logn,1167.java
0,0,1,0,0,0,0,0,0,1,6,1,0,6,n,1000.java
10,0,7,0,0,0,0,0,0,1,26,5,5,23,n,1002.java
11,0,7,0,0,0,0,0,0,1,28,5,5,26,n,1003.java
3,0,2,0,0,0,0,0,0,1,9,1,0,12,n,1004.java
3,0,4,0,0,0,0,0,0,1,11,1,0,9,n,1005.java
3,0,2,0,0,0,0,0,0,1,8,1,0,11,n,1006.java
6,0,7,0,0,0,0,0,0,1,34,6,6,40,n,1007.java
7,0,8,0,0,0,0,0,0,1,31,5,5,43,n,1008.java
3,0,2,0,0,0,0,0,0,1,13,1,0,20,n,1009.java
7,0,5,4,0,0,0,0,0,1,10,2,6,12,n,101.java
1,0,5,0,0,0,0,0,0,1,22,4,3,25,n,1010.java
7,0,5,1,0,0,0,0,0,1,34,4,2,45,n,1011.java
3,0,5,1,0,0,0,0,0,1,19,8,7,28,n,1012.java
0,0,0,0,0,0,0,0,0,0,10,1,0,1,n,1021.java
2,0,3,0,0,0,0,0,0,2,9,1,0,10,n,1022.java
2,0,2,0,0,0,0,0,0,2,11,1,0,14,n,1023.java
0,0,0,0,0,0,0,0,0,0,10,1,0,1,n,1025.java
1,0,2,0,0,0,0,0,0,1,6,1,1,6,n,1026.java
4,0,4,1,0,0,0,0,0,1,11,1,1,12,n,1027.java
9,0,5,0,0,0,0,0,0,1,12,3,6,25,n,1028.java
3,0,4,0,0,0,0,0,0,1,10,1,2,18,n,1029.java
0,0,2,0,0,0,0,0,0,1,9,2,0,7,n,106.java
4,0,3,0,0,0,0,0,0,1,12,2,1,14,n,109.java
2,0,3,0,0,0,0,0,0,2,11,2,0,11,n,268.java
2,0,4,0,0,0,0,0,0,1,13,2,0,11,n,269.java
6,0,2,0,0,0,0,0,0,1,18,4,8,12,n,270.java
1,0,1,0,0,0,0,0,0,1,9,2,1,7,n,272.java
6,0,4,1,0,0,0,0,0,1,15,4,7,12,n,273.java
3,0,2,0,0,0,1,0,0,1,11,2,0,11,n,275.java
1,0,2,0,0,0,0,0,0,1,14,3,2,13,n,276.java
0,0,2,0,0,0,0,0,0,2,8,2,1,10,n,277.java
1,0,2,0,0,0,0,0,0,2,8,2,1,5,n,279.java
1,0,1,0,0,0,0,0,1,1,9,3,1,12,n,28.java
1,0,2,0,0,0,0,0,0,1,10,2,0,7,n,280.java
3,0,1,0,0,0,0,0,0,1,7,2,1,8,n,281.java
2,0,1,0,0,0,0,0,0,1,10,2,1,8,n,282.java
0,1,1,2,0,0,0,0,0,1,11,2,3,9,n,283.java
1,0,1,0,0,0,0,0,0,1,7,2,1,9,n,284.java
3,0,1,0,0,0,0,0,0,1,13,2,1,18,n,287.java
0,0,1,0,0,0,0,0,0,1,7,2,1,5,n,296.java
1,0,1,0,0,0,0,0,0,1,5,2,1,5,n,299.java
0,0,1,0,0,0,0,0,0,1,4,2,0,8,n,3.java
2,0,1,0,0,0,0,0,1,1,5,2,3,3,n,300.java
1,0,0,0,0,0,0,0,1,0,3,2,2,2,n,308.java
0,0,1,0,0,0,0,0,0,1,5,2,1,8,n,309.java
0,0,3,0,0,0,0,0,0,1,11,3,0,15,n,32.java
3,0,1,0,0,0,0,0,0,1,7,2,1,8,n,320.java
4,0,0,0,0,0,0,0,1,0,5,2,5,3,n,321.java
4,0,1,0,0,0,0,0,0,1,11,2,1,8,n,329.java
1,0,5,0,0,0,0,0,0,1,15,4,0,21,n,33.java
0,0,1,0,0,0,0,0,0,1,6,2,1,6,n,331.java
0,0,1,0,0,0,0,0,0,1,9,2,1,8,n,333.java
1,0,1,0,0,0,0,0,0,1,8,2,1,8,n,334.java
3,0,1,0,0,0,0,0,0,1,11,2,3,6,n,345.java
0,0,1,0,0,0,0,0,0,1,8,2,1,9,n,349.java
1,0,4,0,0,0,0,0,0,1,12,2,0,14,n,35.java
3,0,1,0,0,0,0,0,0,1,7,2,4,7,n,350.java
3,0,1,0,0,0,0,0,0,1,9,2,4,9,n,351.java
0,0,1,0,0,0,0,0,0,1,5,2,1,6,n,352.java
0,0,1,0,0,0,0,0,0,1,5,2,1,7,n,353.java
2,0,1,0,0,0,0,0,0,1,7,2,1,9,n,354.java
2,0,1,0,0,0,0,0,0,1,5,2,1,7,n,355.java
0,0,4,0,0,0,0,0,0,2,8,2,1,6,n,356.java
3,0,2,0,0,0,0,0,0,1,15,2,1,14,n,358.java
1,0,3,0,0,0,0,0,0,1,10,2,0,13,n,36.java
5,0,0,0,0,0,0,0,1,0,9,2,4,13,n,360.java
0,0,0,0,0,0,0,0,0,0,1,1,0,0,n,362.java
0,0,1,0,0,0,0,0,0,1,9,2,1,8,n,365.java
3,0,4,0,0,0,0,0,0,1,11,2,1,9,n,37.java
3,0,0,0,0,0,0,0,1,0,9,7,3,24,n,374.java
2,0,0,0,0,0,0,0,1,0,13,3,2,10,n,377.java
4,0,0,0,0,0,0,0,1,0,17,6,5,32,n,378.java
2,0,2,0,0,0,0,0,0,1,10,3,0,16,n,38.java
7,0,2,0,0,0,0,0,1,1,17,6,7,23,n,381.java
3,0,0,0,0,0,0,0,1,0,11,3,2,15,n,382.java
3,0,0,0,0,0,0,0,1,0,9,2,1,13,n,383.java
5,0,3,0,0,0,0,0,0,2,11,2,1,23,n,385.java
5,0,1,0,0,0,0,0,0,1,8,2,1,16,n,386.java
2,0,2,0,0,0,0,0,0,1,9,2,0,21,n,388.java
4,0,1,0,0,0,0,0,0,1,10,2,2,50,n,389.java
1,0,2,0,0,0,0,0,0,1,9,2,1,10,n,39.java
5,0,1,0,0,0,0,0,1,1,24,8,3,47,n,390.java
3,0,0,0,0,0,0,0,1,0,13,5,3,32,n,391.java
7,0,1,0,0,0,0,0,0,1,12,2,2,25,n,393.java
9,0,0,0,0,0,0,0,1,0,10,5,0,26,n,394.java
3,0,1,0,0,0,0,0,1,1,19,4,2,32,n,398.java
2,0,0,0,0,0,0,0,1,0,12,3,1,11,n,399.java
4,0,2,1,0,0,0,0,0,1,10,2,3,10,n,4.java
3,0,0,0,0,0,0,0,1,0,24,4,4,16,n,400.java
2,0,3,0,0,0,0,0,1,1,13,6,4,26,n,404.java
2,0,1,0,0,0,0,0,1,1,10,3,1,17,n,405.java
2,0,1,0,0,0,0,0,1,1,9,3,1,21,n,406.java
3,0,0,0,0,0,0,0,1,0,9,4,2,23,n,408.java
2,0,0,0,0,0,0,0,1,0,9,3,3,16,n,409.java
3,0,0,0,0,0,0,0,1,0,11,4,5,19,n,410.java
2,0,2,0,0,0,0,0,1,1,13,3,2,29,n,411.java
4,0,0,0,0,0,0,0,1,0,12,3,3,12,n,412.java
6,0,2,1,0,0,0,0,1,2,11,3,5,23,n,413.java
4,0,3,1,0,0,0,0,0,2,16,4,4,33,n,414.java
5,0,0,0,0,0,0,0,1,0,9,2,3,12,n,415.java
10,0,0,0,0,0,0,0,1,0,11,3,7,17,n,417.java
5,0,0,0,0,0,0,0,1,0,18,4,7,16,n,418.java
4,0,0,0,0,0,0,0,1,0,13,3,5,11,n,419.java
10,0,2,0,0,0,0,0,0,2,12,2,4,21,n,420.java
4,0,0,0,0,0,0,0,1,0,15,4,5,14,n,422.java
4,0,1,0,0,0,0,0,1,1,14,5,7,18,n,424.java
4,0,0,0,0,0,0,0,1,0,7,2,4,18,n,425.java
6,0,1,0,0,0,0,0,0,1,9,2,4,16,n,426.java
12,0,2,1,0,0,0,0,1,2,34,5,12,41,n,428.java
3,0,0,0,0,0,0,0,1,0,11,2,3,13,n,429.java
7,0,3,1,0,2,0,0,1,1,26,5,8,22,n,43.java
3,0,2,1,0,0,0,0,0,2,12,3,5,27,n,430.java
3,0,0,0,0,0,0,0,1,0,9,2,3,13,n,431.java
3,0,0,0,0,0,0,0,1,0,9,2,3,11,n,432.java
9,0,0,0,0,0,0,0,1,0,17,5,7,21,n,433.java
4,0,1,0,0,0,0,0,1,1,13,3,4,15,n,434.java
2,0,0,0,0,0,0,0,1,0,9,3,2,13,n,435.java
5,0,2,1,0,0,0,0,0,2,12,3,3,21,n,436.java
2,0,0,0,0,0,0,0,1,0,6,2,0,13,n,437.java
2,0,0,0,0,0,0,0,1,0,13,4,3,17,n,438.java
3,0,2,0,0,0,0,0,1,1,21,7,5,34,n,439.java
1,0,1,0,0,0,0,0,0,1,4,2,1,4,n,44.java
2,0,0,0,0,0,0,0,1,0,14,3,3,13,n,440.java
2,0,0,0,0,0,0,0,1,0,13,4,3,18,n,441.java
2,0,1,0,0,0,0,0,1,1,11,3,3,13,n,442.java
5,0,1,0,0,0,0,0,0,1,12,2,3,23,n,443.java
4,0,2,0,0,0,0,0,0,2,13,3,2,24,n,445.java
4,0,0,0,0,0,0,0,1,0,14,5,4,19,n,446.java
7,0,3,0,0,0,0,0,1,2,16,4,4,29,n,447.java
3,0,1,0,0,0,0,0,0,1,6,2,3,4,n,449.java
4,0,1,0,0,0,0,0,0,1,9,2,1,13,n,45.java
4,0,3,1,0,0,0,0,0,2,15,2,3,35,n,451.java
6,0,0,0,0,0,0,0,1,0,15,5,7,28,n,452.java
7,0,1,0,0,0,0,0,1,1,17,5,6,24,n,453.java
6,0,4,0,0,0,0,0,0,1,24,5,3,25,n,454.java
5,0,1,0,0,0,0,0,1,1,23,6,4,38,n,455.java
4,0,0,0,0,0,0,0,1,0,15,7,4,24,n,456.java
3,0,4,0,0,0,0,0,1,1,21,3,2,24,n,461.java
4,0,2,0,0,0,0,0,0,1,15,2,1,24,n,462.java
7,0,1,0,0,0,0,0,0,1,11,2,5,13,n,469.java
6,0,1,0,0,0,0,0,0,1,10,2,5,11,n,470.java
0,0,0,0,0,0,0,0,0,0,6,2,1,4,n,479.java
1,0,1,0,0,0,0,0,0,1,9,2,1,7,n,481.java
5,0,4,0,0,0,0,0,0,1,23,2,2,16,n,494.java
1,0,2,0,0,0,0,0,0,1,10,3,0,14,n,496.java
1,0,1,0,0,0,0,0,0,1,7,2,1,5,n,500.java
2,0,2,0,0,0,0,0,0,1,5,2,0,8,n,506.java
3,0,2,0,0,0,0,0,0,1,8,2,2,13,n,507.java
3,0,3,0,1,0,0,0,0,1,14,2,0,18,n,508.java
1,0,2,0,0,0,0,0,0,2,6,2,1,7,n,509.java
4,0,0,0,0,0,0,0,1,0,8,2,4,4,n,515.java
0,0,1,0,0,0,0,0,0,1,7,2,1,6,n,517.java
4,0,1,0,0,0,0,0,0,1,7,2,1,10,n,524.java
4,0,1,0,0,0,0,0,0,1,10,2,4,7,n,526.java
1,0,1,0,0,0,0,0,0,1,9,2,1,6,n,528.java
2,0,2,0,0,0,0,0,0,1,7,2,0,10,n,531.java
2,0,4,0,0,0,0,0,0,1,10,2,0,17,n,532.java
1,0,1,0,0,0,0,0,0,1,6,2,2,4,n,533.java
1,0,1,0,0,0,0,0,0,1,8,2,1,6,n,535.java
2,0,1,0,0,0,0,0,0,1,8,2,2,9,n,537.java
4,0,1,0,0,0,0,0,0,1,8,2,1,11,n,54.java
2,0,1,0,0,0,0,1,0,1,6,2,0,8,n,541.java
3,0,1,0,0,0,0,0,0,1,11,2,0,14,n,542.java
2,0,1,0,0,0,0,0,0,1,12,2,0,11,n,544.java
2,0,1,0,0,0,0,0,0,1,17,2,0,16,n,545.java
4,0,2,1,0,0,0,0,0,1,10,2,3,10,n,547.java
3,0,1,0,0,0,0,0,0,1,5,2,1,9,n,549.java
4,0,1,0,0,0,0,0,0,1,7,2,1,10,n,55.java
3,0,2,0,0,0,0,0,0,2,9,1,1,10,n,551.java
3,0,1,0,0,0,0,0,0,1,7,1,0,8,n,552.java
2,0,1,0,0,0,0,0,0,1,7,1,0,7,n,553.java
2,0,2,0,0,0,0,0,0,2,6,1,0,7,n,554.java
0,0,3,0,0,0,0,0,0,1,8,1,0,8,n,555.java
1,0,2,0,0,0,0,0,0,1,8,1,0,9,n,557.java
2,0,1,0,0,0,0,0,0,1,6,1,0,9,n,558.java
1,0,1,0,0,0,0,0,0,1,7,2,0,8,n,559.java
7,0,2,0,0,0,0,0,0,1,17,1,0,31,n,563.java
2,0,4,0,0,0,0,0,0,1,11,1,0,14,n,568.java
1,0,2,0,0,0,0,0,0,2,7,1,0,12,n,569.java
0,0,1,0,0,0,0,0,0,1,9,2,1,10,n,57.java
2,0,3,0,0,0,0,0,0,2,9,1,0,11,n,570.java
2,0,3,0,0,0,0,0,0,1,11,1,2,24,n,571.java
6,0,2,0,0,0,0,0,0,1,12,5,5,12,n,574.java
4,0,5,0,0,0,0,0,0,3,15,1,0,16,n,578.java
3,0,2,1,0,0,0,0,0,1,12,5,3,17,n,580.java
3,0,1,1,0,1,0,0,0,1,13,1,2,19,n,582.java
1,0,2,0,0,0,0,0,0,1,7,1,0,9,n,588.java
2,0,3,0,0,0,0,0,0,1,12,2,1,12,n,589.java
1,0,1,0,0,0,0,0,0,1,10,2,1,6,n,59.java
1,0,2,0,0,0,0,0,0,1,7,1,0,8,n,590.java
0,0,2,0,0,0,0,0,0,2,6,1,0,5,n,591.java
3,0,3,0,0,0,0,0,0,1,12,1,3,15,n,593.java
5,0,3,0,0,0,1,0,0,1,14,1,3,17,n,594.java
8,0,5,3,0,0,0,0,0,1,24,3,6,26,n,599.java
1,0,2,0,0,0,0,0,0,1,7,2,1,8,n,6.java
3,0,2,1,0,0,0,0,0,1,8,4,4,12,n,603.java
0,0,1,0,0,0,0,0,0,1,5,1,0,8,n,604.java
7,0,2,4,0,0,0,0,0,1,14,1,4,24,n,617.java
12,0,1,0,0,0,0,0,0,1,19,3,1,38,n,618.java
1,0,1,0,0,0,0,0,0,1,11,2,1,11,n,62.java
9,0,6,5,0,0,0,0,0,1,18,1,7,22,n,621.java
1,0,6,0,0,0,0,0,0,2,19,1,0,20,n,622.java
2,0,2,0,0,0,0,0,0,1,13,2,1,15,n,632.java
1,0,2,0,0,0,0,0,0,1,12,1,0,16,n,633.java
0,0,0,0,0,0,0,0,0,0,7,1,0,5,n,636.java
6,0,3,0,0,1,0,0,0,1,9,1,3,13,n,637.java
10,0,4,0,0,1,0,0,1,1,16,3,6,23,n,638.java
7,0,4,0,0,1,0,0,0,1,16,1,0,29,n,639.java
1,0,2,0,0,0,0,1,0,1,10,3,3,8,n,64.java
0,0,0,0,0,0,0,0,0,0,12,1,0,5,n,640.java
4,0,6,0,0,0,0,0,0,1,29,4,4,34,n,641.java
9,0,6,0,0,0,0,0,0,1,29,7,9,35,n,642.java
1,0,2,0,0,0,0,0,0,1,15,4,1,19,n,65.java
4,0,2,0,0,0,0,0,0,1,12,1,0,21,n,650.java
0,0,1,0,0,0,0,0,0,1,8,1,0,9,n,653.java
13,0,12,0,0,0,0,0,0,1,30,7,6,56,n,654.java
2,0,2,0,0,0,0,0,0,1,11,1,0,13,n,657.java
1,0,2,0,0,0,0,0,0,1,7,3,2,7,n,658.java
2,0,1,0,0,0,0,0,0,1,9,1,0,14,n,659.java
2,0,3,0,0,0,0,0,0,1,12,2,1,12,n,66.java
1,0,1,1,0,0,0,0,0,1,6,1,1,6,n,660.java
3,0,1,0,0,0,0,0,0,1,8,1,0,15,n,662.java
1,0,3,0,0,0,0,0,0,1,9,1,0,10,n,665.java
4,0,4,0,0,0,0,0,0,1,23,4,3,28,n,667.java
9,0,2,0,0,0,0,0,0,2,14,1,1,27,n,668.java
7,0,7,0,0,0,0,0,1,1,37,8,7,41,n,669.java
2,0,2,0,0,0,0,0,0,1,10,2,1,10,n,67.java
2,0,4,2,0,0,0,0,0,2,13,1,2,16,n,670.java
3,0,4,0,0,0,0,0,0,2,6,1,0,10,n,671.java
2,0,1,0,0,0,0,0,0,1,9,1,0,11,n,672.java
0,0,3,0,0,0,0,0,0,1,14,1,0,14,n,675.java
2,0,3,0,0,0,0,0,0,1,11,1,2,24,n,676.java
6,0,2,0,0,0,0,0,0,1,12,5,5,12,n,679.java
4,0,5,0,0,0,0,0,0,3,15,1,0,16,n,683.java
3,0,2,1,0,0,0,0,0,1,12,5,3,17,n,685.java
3,0,1,1,0,1,0,0,0,1,13,1,2,19,n,687.java
3,0,2,1,0,0,0,0,0,1,13,2,2,13,n,69.java
1,0,2,0,0,0,0,0,0,1,7,1,0,9,n,693.java
2,0,3,0,0,0,0,0,0,1,12,2,1,12,n,694.java
1,0,2,0,0,0,0,0,0,1,7,1,0,8,n,695.java
0,0,2,0,0,0,0,0,0,2,6,1,0,5,n,696.java
3,0,3,0,0,0,0,0,0,1,12,1,3,15,n,698.java
5,0,3,0,0,0,1,0,0,1,14,1,3,17,n,699.java
8,0,5,3,0,0,0,0,0,1,24,3,6,26,n,704.java
1,0,2,0,0,0,0,0,0,1,10,3,2,16,n,708.java
0,0,5,0,0,0,0,0,0,2,18,5,4,14,n,712.java
1,0,1,0,0,0,0,0,0,1,12,1,0,20,n,713.java
0,0,3,0,0,0,0,0,0,2,9,1,0,6,n,714.java
7,0,4,1,0,0,0,0,0,1,14,2,7,20,n,717.java
2,0,2,1,0,0,0,0,0,1,9,1,1,15,n,719.java
3,0,1,0,0,0,0,0,0,1,10,3,3,11,n,721.java
2,0,6,0,0,0,0,0,0,2,13,1,1,22,n,728.java
1,0,1,0,0,0,0,0,0,1,7,1,0,11,n,735.java
3,0,5,0,0,0,0,0,0,1,29,4,3,31,n,736.java
3,0,5,0,0,0,0,0,1,1,20,4,2,21,n,738.java
19,0,3,0,0,0,0,0,0,1,12,2,6,29,n,742.java
9,0,5,0,0,0,0,0,0,1,19,8,5,28,n,746.java
9,0,7,1,0,0,0,0,0,1,23,4,5,38,n,747.java
2,0,1,0,0,0,0,0,0,1,9,1,0,14,n,750.java
9,0,8,0,0,0,0,0,0,2,32,8,5,46,n,752.java
0,0,2,0,0,0,0,0,0,1,9,1,0,11,n,753.java
3,0,4,0,0,0,0,0,0,1,11,1,0,24,n,754.java
10,0,4,0,0,0,0,0,0,1,20,5,5,31,n,756.java
2,0,2,1,0,0,0,0,0,1,10,1,1,14,n,758.java
4,0,3,0,0,0,0,0,0,2,18,2,1,23,n,76.java
2,0,7,0,0,0,0,0,1,2,18,4,3,20,n,761.java
1,0,2,0,0,0,0,0,0,1,13,1,0,17,n,763.java
3,0,3,3,0,0,0,0,0,2,9,4,5,16,n,765.java
7,0,7,0,0,0,0,0,0,1,35,7,6,40,n,770.java
1,0,1,0,0,0,0,0,0,1,11,3,2,9,n,771.java
17,0,11,0,0,0,0,0,0,2,67,9,12,63,n,772.java
0,0,2,0,0,0,0,0,0,1,7,1,0,6,n,773.java
7,0,6,0,0,0,0,0,1,1,49,10,9,47,n,774.java
2,0,1,1,0,0,0,0,0,1,6,1,1,8,n,776.java
2,0,4,1,0,0,0,0,0,2,19,2,1,22,n,777.java
2,0,2,0,0,0,0,0,0,1,13,2,2,11,n,78.java
3,0,5,0,0,0,0,0,0,2,18,1,1,29,n,785.java
8,0,4,0,0,0,0,0,0,1,21,3,3,24,n,786.java
1,0,3,0,0,0,0,0,0,1,12,3,2,12,n,789.java
2,0,2,0,0,0,0,0,0,1,12,2,2,10,n,79.java
0,0,2,0,0,0,0,0,0,1,8,1,0,10,n,793.java
6,0,12,0,0,0,0,0,0,2,44,6,4,46,n,795.java
0,0,1,0,0,0,0,0,0,1,6,1,0,6,n,796.java
0,1,3,3,0,0,0,0,0,1,16,5,6,35,n,798.java
0,0,3,0,0,0,0,0,0,2,10,3,2,7,n,799.java
0,0,1,0,0,0,0,0,0,1,9,2,0,11,n,8.java
2,0,1,0,0,0,0,0,0,1,7,2,1,11,n,80.java
4,0,3,0,0,0,0,0,0,1,14,5,5,14,n,800.java
4,0,4,1,0,0,0,0,0,2,19,3,3,19,n,801.java
1,0,4,0,0,0,0,0,0,1,14,1,0,19,n,803.java
2,0,2,1,0,0,0,0,0,2,7,1,1,11,n,806.java
0,0,1,0,0,0,0,0,0,1,14,2,1,15,n,81.java
2,0,3,0,0,0,0,0,0,1,15,1,1,16,n,814.java
3,0,17,0,0,0,0,0,0,8,38,2,0,53,n,820.java
1,0,1,1,0,0,0,0,0,1,7,1,1,8,n,824.java
0,0,1,0,0,0,0,0,0,1,5,1,0,5,n,825.java
4,0,5,1,0,0,0,0,0,2,15,1,2,28,n,827.java
2,0,2,0,0,0,0,0,0,1,12,3,2,8,n,828.java
0,0,1,0,0,0,0,0,0,1,7,1,0,7,n,829.java
2,0,3,0,0,0,0,0,0,1,9,1,1,11,n,836.java
2,0,6,0,0,0,0,0,0,1,18,2,1,13,n,837.java
10,0,8,0,0,0,0,0,0,2,27,3,2,29,n,841.java
0,0,1,0,0,0,0,0,0,1,8,1,0,11,n,846.java
7,0,2,1,0,0,0,0,0,1,11,1,1,20,n,848.java
3,0,2,0,0,0,0,0,0,1,13,2,1,14,n,85.java
2,0,3,0,0,0,0,0,0,1,10,1,0,13,n,851.java
1,0,2,0,0,0,0,0,0,1,6,1,0,9,n,854.java
5,0,2,0,0,0,0,0,0,1,14,1,0,17,n,856.java
2,0,3,0,0,0,1,0,0,2,16,1,0,17,n,857.java
2,0,3,0,0,0,0,0,1,1,31,19,4,36,n,860.java
2,0,2,0,0,0,0,0,0,1,13,2,1,10,n,861.java
2,0,6,0,0,0,0,0,0,1,19,3,2,17,n,864.java
1,0,6,0,0,0,0,0,0,2,18,5,5,12,n,867.java
1,0,1,0,0,0,0,0,0,1,11,1,0,12,n,869.java
4,0,5,2,0,0,0,0,0,2,14,1,4,18,n,874.java
2,0,1,0,0,0,0,0,0,1,15,3,0,27,n,875.java
1,0,1,0,0,0,1,0,0,1,22,5,2,22,n,880.java
2,0,2,0,0,0,0,0,0,1,11,1,0,13,n,881.java
2,0,2,0,0,0,1,0,0,1,10,1,0,13,n,883.java
1,0,3,0,0,0,0,0,0,1,13,1,0,17,n,886.java
2,0,1,0,0,0,0,0,0,1,8,2,2,8,n,887.java
2,0,3,0,0,0,0,0,0,1,20,4,0,23,n,89.java
4,0,2,0,0,0,0,0,0,1,13,2,2,18,n,890.java
3,0,1,0,0,0,0,0,0,1,6,1,0,9,n,892.java
3,0,8,0,0,0,0,0,0,2,14,1,0,16,n,893.java
4,0,2,1,0,0,0,1,0,1,9,2,3,10,n,896.java
10,0,5,0,0,0,0,0,1,1,39,19,4,53,n,898.java
0,0,2,0,0,0,0,0,0,1,14,4,0,14,n,9.java
0,0,2,0,0,0,0,0,0,1,7,2,0,5,n,90.java
7,0,0,0,0,0,0,0,0,0,5,1,7,12,n,900.java
10,0,7,0,0,0,0,0,1,1,38,10,8,40,n,902.java
3,0,3,0,0,1,0,0,0,2,9,2,2,10,n,91.java
3,0,2,0,0,0,0,0,0,1,12,3,2,12,n,913.java
7,0,2,1,0,0,0,0,0,1,17,4,5,18,n,916.java
7,0,2,4,0,0,0,0,0,1,29,1,4,22,n,917.java
1,0,1,0,0,0,0,0,0,1,13,3,2,13,n,918.java
7,0,4,0,0,0,0,0,0,2,17,5,6,18,n,921.java
1,0,1,0,0,0,0,1,0,1,6,1,0,6,n,926.java
1,0,6,0,0,0,0,0,0,2,19,5,4,13,n,929.java
2,0,1,0,0,0,0,0,0,1,12,3,3,14,n,935.java
2,0,2,0,0,0,0,0,0,1,8,2,2,7,n,938.java
2,0,3,1,0,0,0,0,0,1,13,3,3,11,n,939.java
4,0,3,0,0,0,0,0,0,2,12,2,1,13,n,940.java
2,0,6,0,0,0,0,0,0,2,19,1,0,25,n,941.java
2,0,3,0,0,0,1,0,0,1,16,3,2,12,n,942.java
12,0,4,0,0,0,0,1,0,1,25,1,0,41,n,944.java
1,0,2,0,0,0,0,0,0,1,13,2,2,13,n,946.java
4,0,6,0,0,0,0,0,0,2,14,1,2,19,n,947.java
6,0,4,0,0,0,0,0,0,1,20,7,7,17,n,948.java
6,0,4,0,0,0,0,0,0,1,20,7,7,17,n,951.java
13,0,7,3,0,0,0,0,0,1,26,5,8,48,n,952.java
2,0,2,0,0,0,0,0,0,1,11,1,0,11,n,963.java
0,0,3,0,0,0,0,0,0,1,14,2,1,14,n,965.java
1,0,3,0,0,0,0,0,0,1,15,2,1,24,n,968.java
0,0,4,0,0,0,0,0,0,2,14,1,0,13,n,969.java
2,0,3,0,0,0,0,0,0,1,11,2,1,12,n,97.java
1,0,0,0,0,0,0,0,0,0,5,1,0,4,n,970.java
0,0,4,0,0,0,0,0,0,2,13,1,0,12,n,971.java
1,0,2,0,0,0,0,0,0,1,17,3,1,12,n,972.java
6,0,2,0,0,0,0,0,0,1,12,1,0,20,n,973.java
4,0,2,0,0,0,0,0,0,1,18,6,6,8,n,974.java
3,0,3,0,0,0,0,0,0,1,14,3,2,12,n,976.java
3,0,2,0,0,0,0,0,0,1,9,1,0,14,n,977.java
3,0,2,0,0,0,0,0,0,1,11,1,0,16,n,978.java
3,0,2,0,0,0,0,0,0,1,11,1,0,16,n,979.java
3,0,2,0,0,0,0,0,0,1,11,2,0,15,n,98.java
3,0,2,0,0,0,0,0,0,1,9,1,0,13,n,981.java
3,0,3,0,0,0,0,0,0,1,18,5,5,15,n,994.java
4,0,3,0,0,0,0,0,0,1,19,4,4,17,n,997.java
0,0,1,0,0,0,0,0,0,1,5,1,0,5,n,998.java
0,0,1,0,0,0,0,0,0,1,6,1,0,7,n,999.java
0,0,1,0,0,0,0,0,0,1,7,2,1,6,n,114.java
2,0,1,0,0,0,1,0,0,1,6,2,1,8,n,130.java
3,0,1,0,0,0,0,0,0,1,9,2,1,11,n,137.java
3,0,2,0,0,0,0,0,1,1,17,5,4,20,n,160.java
1,0,2,0,0,0,0,0,0,1,13,3,3,10,n,20.java
0,0,2,0,0,0,0,0,0,1,9,2,1,7,n,259.java
1,0,2,0,0,0,0,0,0,1,8,3,2,6,n,291.java
1,0,1,0,0,0,0,0,0,1,9,2,1,6,n,297.java
1,0,1,0,0,0,0,0,0,1,7,2,2,6,n,301.java
0,0,1,0,0,0,0,0,0,1,6,2,1,6,n,312.java
0,0,3,0,0,0,0,0,0,1,10,3,0,11,n,34.java
3,0,2,0,0,0,0,0,0,1,9,2,0,9,n,49.java
3,0,3,0,0,0,0,0,0,2,12,2,1,13,n,77.java
2,0,1,0,0,0,0,0,0,1,11,2,0,10,n,99.java
0,0,3,0,0,0,0,0,0,1,14,4,0,10,n_square,1.java
2,0,4,0,0,0,0,0,0,2,15,6,2,17,n_square,1014.java
7,0,13,0,0,0,0,1,0,5,38,10,8,47,n_square,1015.java
2,0,3,0,0,0,0,0,0,2,13,1,0,16,n_square,1016.java
2,0,3,0,0,0,0,0,0,2,12,4,2,12,n_square,1017.java
2,0,4,0,0,0,0,0,0,2,12,4,2,14,n_square,1018.java
1,0,3,0,0,1,0,0,0,3,8,2,1,8,n_square,102.java
0,0,5,0,0,0,0,0,0,2,15,1,0,14,n_square,1035.java
3,0,4,0,0,0,0,0,0,2,16,3,2,17,n_square,1036.java
1,0,6,0,0,0,0,0,0,2,18,4,4,15,n_square,1037.java
2,0,4,0,0,0,0,0,0,2,27,5,3,20,n_square,1038.java
1,0,2,0,0,0,0,0,0,2,10,2,1,6,n_square,104.java
1,0,2,0,0,0,0,0,0,2,8,2,0,9,n_square,107.java
3,0,2,0,0,0,0,0,0,1,21,4,4,12,n_square,115.java
1,0,3,0,0,0,0,0,0,2,11,2,1,9,n_square,117.java
1,0,3,0,0,0,0,0,0,2,10,2,2,10,n_square,120.java
2,0,2,1,0,0,0,0,0,2,8,2,1,6,n_square,122.java
3,0,2,0,0,0,0,0,0,2,10,2,0,11,n_square,128.java
2,0,2,1,0,0,0,0,0,2,12,2,3,11,n_square,133.java
4,0,3,0,0,0,0,0,1,2,23,4,3,26,n_square,140.java
2,0,2,0,0,0,0,1,0,2,10,2,0,10,n_square,143.java
2,0,5,0,0,0,0,0,0,2,10,2,0,13,n_square,147.java
6,0,5,4,0,0,0,0,0,2,12,2,4,17,n_square,148.java
3,0,3,0,0,0,0,0,0,2,9,2,1,9,n_square,149.java
1,0,3,0,0,0,0,0,0,2,9,3,0,24,n_square,162.java
0,0,3,0,0,0,0,0,0,2,13,2,0,15,n_square,171.java
0,0,2,0,0,0,0,0,0,2,10,2,1,8,n_square,18.java
0,0,2,0,0,0,0,0,0,2,10,3,0,9,n_square,186.java
0,0,5,0,0,0,0,0,0,2,13,3,1,15,n_square,199.java
2,0,4,0,0,0,0,0,0,1,18,4,1,25,n_square,226.java
6,0,1,0,0,0,0,0,1,1,16,4,4,22,n_square,227.java
1,0,2,0,0,0,0,0,0,2,9,2,0,7,n_square,229.java
2,0,2,1,0,0,0,0,0,2,10,2,1,9,n_square,237.java
0,0,2,0,0,0,0,0,0,2,9,2,1,7,n_square,249.java
0,0,3,0,0,0,0,0,0,2,11,2,0,8,n_square,25.java
2,0,2,0,0,0,0,0,0,2,12,2,1,12,n_square,251.java
3,0,3,1,0,0,0,0,0,2,14,3,4,11,n_square,252.java
0,0,0,0,0,0,0,0,0,0,4,2,1,3,n_square,254.java
1,0,2,0,0,0,0,0,0,2,8,3,2,5,n_square,257.java
1,0,2,0,0,0,0,0,0,2,7,2,1,5,n_square,258.java
0,0,2,0,0,0,0,0,0,1,10,2,0,9,n_square,26.java
2,0,5,0,0,0,1,0,0,2,19,3,1,19,n_square,264.java
2,0,2,0,0,0,0,0,0,2,10,2,1,7,n_square,271.java
2,0,2,1,0,0,0,0,0,2,10,2,1,9,n_square,274.java
1,0,2,0,0,0,0,0,0,2,7,2,1,5,n_square,278.java
2,0,4,0,0,0,0,0,0,2,12,2,2,10,n_square,285.java
0,0,3,0,0,0,0,0,0,2,6,2,1,5,n_square,288.java
0,0,3,0,0,0,0,0,0,2,6,2,1,6,n_square,290.java
1,0,2,0,0,0,0,0,0,2,10,3,2,6,n_square,293.java
1,0,2,0,0,0,0,0,0,2,8,2,1,6,n_square,295.java
0,0,4,0,0,0,0,0,0,2,17,2,1,11,n_square,298.java
1,0,7,0,0,0,0,0,1,1,21,4,0,24,n_square,30.java
2,0,4,0,0,0,0,0,0,2,12,2,1,10,n_square,303.java
6,0,3,0,0,0,0,0,0,2,12,2,3,12,n_square,304.java
1,0,2,0,0,1,0,0,0,2,9,2,1,9,n_square,305.java
0,0,2,0,0,0,0,0,0,2,9,2,1,8,n_square,307.java
4,0,2,0,0,0,0,0,1,2,9,3,6,4,n_square,311.java
3,0,2,0,0,0,0,0,0,2,8,2,1,8,n_square,314.java
2,0,6,0,0,0,0,0,0,2,14,2,1,11,n_square,317.java
2,0,4,0,0,0,0,0,0,2,9,2,1,8,n_square,318.java
2,0,4,0,0,0,0,0,0,2,11,2,1,8,n_square,319.java
2,0,4,0,0,0,0,0,0,2,11,2,1,8,n_square,322.java
2,0,4,0,0,0,0,0,0,2,11,2,1,7,n_square,323.java
3,0,3,0,0,0,0,0,0,2,13,2,1,10,n_square,324.java
2,0,4,0,0,0,0,0,0,2,10,2,1,7,n_square,325.java
2,0,8,0,0,0,0,0,0,2,11,2,0,20,n_square,328.java
1,0,4,0,0,0,0,0,0,2,11,2,1,9,n_square,332.java
0,0,5,0,0,0,0,0,0,2,11,2,1,8,n_square,335.java
1,0,4,0,0,0,0,0,0,2,11,3,3,8,n_square,337.java
2,0,2,1,0,0,0,0,0,2,7,2,3,7,n_square,339.java
5,0,1,0,0,1,0,0,1,1,14,3,6,7,n_square,342.java
5,0,2,0,0,0,0,0,0,2,13,3,4,8,n_square,344.java
2,0,2,0,0,0,0,0,0,2,13,2,1,11,n_square,346.java
2,0,2,0,0,0,0,0,0,2,12,2,1,13,n_square,348.java
2,0,3,2,0,0,0,0,0,2,11,2,3,9,n_square,357.java
5,0,8,0,0,0,0,0,0,2,12,2,2,26,n_square,363.java
3,0,7,0,0,0,0,0,0,2,10,2,1,12,n_square,366.java
2,0,2,0,0,0,0,0,0,2,9,2,1,11,n_square,367.java
2,0,3,0,0,0,0,0,0,2,9,2,1,8,n_square,368.java
3,0,4,0,0,0,0,0,0,2,15,3,1,17,n_square,369.java
3,0,4,0,0,0,0,0,0,2,11,2,1,11,n_square,370.java
0,0,4,0,0,0,0,0,0,2,17,3,1,14,n_square,371.java
5,0,3,0,0,0,0,0,0,2,11,2,2,12,n_square,372.java
3,0,3,0,0,0,0,0,0,2,10,2,1,9,n_square,373.java
3,0,1,0,0,0,0,0,1,1,12,3,2,9,n_square,375.java
2,0,1,0,0,0,0,0,1,1,16,3,3,10,n_square,376.java
6,0,1,0,0,0,0,0,1,1,16,4,4,22,n_square,384.java
5,0,1,0,0,0,0,0,1,1,14,4,4,16,n_square,387.java
4,0,1,0,0,0,0,0,1,1,23,4,6,15,n_square,396.java
5,0,4,0,0,0,0,0,1,2,14,2,1,17,n_square,401.java
4,0,1,0,0,0,0,0,1,1,21,4,5,16,n_square,402.java
4,0,1,1,0,0,0,0,1,1,27,5,7,18,n_square,403.java
8,0,0,0,0,0,0,0,1,0,13,4,2,29,n_square,407.java
4,0,0,0,0,0,0,0,1,0,11,3,5,12,n_square,416.java
4,0,0,0,0,0,0,0,1,0,11,4,6,10,n_square,421.java
6,0,1,0,0,0,0,0,1,1,27,5,9,19,n_square,423.java
2,0,5,0,0,0,0,0,0,2,20,4,1,20,n_square,465.java
2,0,5,0,0,0,0,0,0,2,20,4,1,17,n_square,467.java
2,0,3,1,0,0,0,0,0,2,13,2,2,11,n_square,471.java
2,0,4,1,0,0,0,0,0,2,13,2,1,12,n_square,488.java
2,0,4,1,0,0,0,0,0,2,16,3,1,12,n_square,489.java
2,0,4,1,0,0,0,0,0,2,14,3,1,33,n_square,490.java
3,0,4,0,0,0,0,0,1,2,19,6,4,15,n_square,497.java
2,0,2,0,0,0,0,0,0,2,11,2,1,13,n_square,522.java
2,0,2,1,0,0,0,0,0,2,7,2,1,7,n_square,550.java
2,0,3,0,0,0,0,0,0,2,13,1,0,12,n_square,556.java
5,0,5,0,0,0,0,0,0,2,20,5,5,20,n_square,560.java
5,0,6,0,0,0,0,0,0,2,16,3,3,18,n_square,565.java
4,0,7,1,0,1,0,0,0,4,24,1,1,26,n_square,576.java
3,0,4,0,0,0,0,0,0,2,13,1,0,17,n_square,581.java
2,0,3,0,0,0,0,0,0,2,14,3,3,14,n_square,583.java
3,0,5,1,0,1,1,0,0,2,22,1,1,25,n_square,585.java
2,0,4,0,0,0,0,0,0,2,13,3,3,11,n_square,587.java
6,0,6,1,0,2,0,0,0,2,12,2,3,22,n_square,592.java
4,0,6,0,0,0,0,1,0,3,19,2,2,23,n_square,595.java
4,0,3,0,0,0,0,0,0,2,17,2,4,15,n_square,596.java
3,0,4,0,0,1,0,0,0,1,10,1,3,12,n_square,598.java
7,0,5,0,0,0,0,0,0,2,13,1,0,24,n_square,608.java
2,0,3,1,0,0,0,1,0,2,12,1,1,16,n_square,609.java
2,0,2,1,0,0,0,0,0,2,14,2,2,13,n_square,61.java
4,0,4,1,0,1,0,0,0,2,20,3,3,18,n_square,613.java
4,0,5,2,0,0,0,0,0,2,19,1,2,20,n_square,623.java
5,0,6,0,0,0,0,0,0,2,23,3,3,22,n_square,624.java
10,0,6,2,0,0,0,0,0,2,14,1,2,24,n_square,625.java
1,0,4,0,0,0,0,0,0,2,13,1,0,17,n_square,628.java
3,0,5,0,0,0,0,0,0,2,20,2,1,22,n_square,630.java
1,0,3,0,0,0,0,0,0,2,13,1,0,13,n_square,634.java
7,0,8,0,0,0,0,0,0,2,36,8,7,50,n_square,635.java
0,0,4,0,0,0,0,0,0,1,15,2,0,15,n_square,655.java
7,0,3,1,0,0,0,0,0,2,11,1,4,27,n_square,656.java
1,0,2,0,0,0,0,0,0,2,13,2,1,9,n_square,68.java
4,0,7,1,0,1,0,0,0,4,24,1,1,26,n_square,681.java
3,0,4,0,0,0,0,0,0,2,13,1,0,17,n_square,686.java
2,0,3,0,0,0,0,0,0,2,14,3,3,14,n_square,688.java
3,0,5,1,0,1,1,0,0,2,22,1,1,25,n_square,690.java
2,0,4,0,0,0,0,0,0,2,13,3,3,11,n_square,692.java
6,0,6,1,0,2,0,0,0,2,12,2,3,22,n_square,697.java
0,0,2,0,0,0,0,0,0,2,10,2,1,8,n_square,7.java
4,0,6,0,0,0,0,1,0,3,19,2,2,23,n_square,700.java
4,0,3,0,0,0,0,0,0,2,17,2,4,15,n_square,701.java
3,0,4,0,0,1,0,0,0,1,10,1,3,12,n_square,703.java
2,0,3,0,0,0,0,0,0,2,10,1,0,12,n_square,705.java
9,0,10,1,0,0,0,0,0,3,39,8,8,45,n_square,706.java
14,0,25,0,0,0,0,0,0,2,60,6,4,52,n_square,710.java
2,0,2,1,0,0,0,0,0,2,7,2,3,7,n_square,72.java
2,0,3,0,0,0,0,0,0,2,9,3,2,7,n_square,720.java
4,0,4,0,0,0,0,0,0,2,24,4,3,24,n_square,729.java
17,0,8,0,0,1,0,0,1,1,42,8,14,40,n_square,731.java
1,0,2,0,0,0,0,0,0,2,11,1,0,11,n_square,732.java
2,0,4,0,0,0,0,0,0,2,11,1,0,10,n_square,734.java
2,0,4,0,0,0,0,0,0,2,9,2,1,8,n_square,74.java
3,0,4,1,0,0,0,0,0,2,12,1,1,13,n_square,741.java
5,0,2,0,0,0,0,0,0,2,18,2,2,22,n_square,75.java
4,0,7,0,0,0,0,0,0,2,15,1,0,17,n_square,759.java
2,0,3,0,0,0,0,0,0,2,9,1,0,9,n_square,762.java
7,0,8,1,0,0,0,0,0,3,27,2,5,17,n_square,764.java
5,0,3,1,0,0,0,0,0,2,9,1,1,16,n_square,769.java
11,0,12,1,0,0,0,0,0,2,42,7,15,42,n_square,790.java
12,0,14,0,0,0,0,0,1,2,65,9,4,68,n_square,807.java
2,0,3,0,0,0,0,0,0,2,15,1,0,19,n_square,811.java
3,0,6,0,0,0,0,0,0,2,25,1,0,23,n_square,815.java
1,0,2,0,0,0,0,0,0,2,7,2,1,4,n_square,82.java
1,0,2,0,0,0,0,0,0,2,12,1,0,12,n_square,821.java
4,0,8,0,0,1,0,0,0,2,22,2,1,21,n_square,822.java
3,0,8,1,0,0,0,0,0,3,24,4,3,21,n_square,823.java
1,0,2,0,0,0,0,0,0,2,8,1,0,11,n_square,826.java
1,0,5,0,0,0,0,0,0,2,23,5,4,19,n_square,831.java
9,0,7,0,0,0,0,0,0,3,26,9,5,28,n_square,839.java
2,0,2,0,0,0,0,0,0,2,10,2,1,8,n_square,84.java
6,0,8,0,0,0,0,0,0,2,36,3,5,62,n_square,840.java
10,0,7,3,0,0,0,0,1,2,25,3,12,29,n_square,843.java
1,0,4,0,0,0,0,0,0,2,25,6,3,16,n_square,852.java
2,0,4,0,0,0,0,0,0,2,13,2,2,14,n_square,863.java
10,0,17,1,0,0,0,0,0,3,42,9,8,57,n_square,865.java
0,0,2,0,0,0,0,1,0,2,8,1,0,8,n_square,877.java
13,0,8,1,0,0,0,0,0,2,43,10,8,48,n_square,894.java
18,0,7,1,0,0,0,0,0,2,32,7,9,39,n_square,905.java
5,0,9,0,0,0,0,0,0,2,33,7,6,30,n_square,906.java
4,0,4,1,0,0,0,0,1,2,30,13,5,32,n_square,908.java
6,0,7,0,0,0,0,0,0,2,20,3,2,20,n_square,911.java
1,0,2,0,0,0,0,0,0,2,6,2,1,3,n_square,92.java
11,0,9,0,0,0,0,0,0,2,47,9,7,42,n_square,922.java
1,0,4,0,0,0,0,0,0,2,8,1,0,7,n_square,928.java
2,0,5,0,0,0,0,0,0,2,25,4,2,14,n_square,933.java
2,0,2,0,0,0,0,0,0,2,11,2,1,13,n_square,94.java
2,0,5,1,0,0,0,0,0,2,22,4,3,21,n_square,943.java
5,0,5,0,0,0,0,0,0,2,13,2,2,17,n_square,949.java
12,0,2,0,0,0,0,0,0,1,24,3,1,26,n_square,986.java
0,0,4,0,0,0,0,0,0,1,16,4,2,19,n_square,987.java
9,0,5,0,0,0,0,0,0,2,20,1,0,36,n_square,988.java
14,0,4,0,0,0,0,0,0,2,17,1,0,43,n_square,989.java
14,0,4,0,0,0,0,0,0,2,16,1,0,41,n_square,990.java
4,0,6,0,0,0,0,0,0,3,16,1,0,19,n_square,991.java
3,0,6,0,0,0,0,0,0,2,36,5,4,37,n_square,992.java
9,0,5,0,0,0,0,0,0,3,21,3,2,32,n_square,993.java
3,0,2,0,0,1,0,0,0,2,10,2,0,17,n_square,144.java
0,0,2,0,0,0,0,0,0,2,8,2,1,5,n_square,294.java
2,0,3,0,0,0,0,0,1,1,23,6,1,22,n_square,31.java
4,0,2,0,0,0,0,0,0,2,9,2,1,12,n_square,340.java
4,0,2,0,0,0,0,0,0,2,9,2,1,12,n_square,73.java
0,0,4,0,0,1,0,0,0,1,13,2,0,15,nlogn,10.java
2,0,2,0,0,1,0,0,0,1,11,2,0,15,nlogn,1019.java
0,0,0,0,0,0,0,0,0,0,6,1,0,1,nlogn,1020.java
4,0,7,0,0,0,0,0,1,2,24,3,0,35,nlogn,1024.java
1,0,2,0,0,1,0,0,0,1,9,1,0,11,nlogn,1030.java
0,0,3,0,0,1,0,0,0,1,9,1,0,11,nlogn,1031.java
0,0,3,0,0,0,0,0,0,1,11,1,0,12,nlogn,1032.java
2,0,4,0,0,1,0,0,0,1,14,1,0,20,nlogn,1033.java
0,0,4,0,0,1,0,0,0,1,13,3,2,13,nlogn,1034.java
0,0,0,0,0,2,0,0,0,0,9,2,1,7,nlogn,108.java
2,0,1,0,0,1,0,0,0,1,17,3,2,13,nlogn,116.java
0,0,0,0,0,1,0,0,0,0,5,2,1,4,nlogn,136.java
3,0,1,0,0,3,0,0,0,1,25,4,2,22,nlogn,138.java
4,0,1,0,0,0,0,0,1,1,13,3,5,8,nlogn,145.java
2,0,3,0,0,1,0,0,0,1,11,2,0,12,nlogn,15.java
4,0,3,0,0,0,0,0,1,1,17,5,7,33,nlogn,174.java
0,0,1,0,0,0,0,0,0,1,6,2,0,10,nlogn,234.java
3,0,2,0,0,0,0,0,0,1,13,3,2,13,nlogn,315.java
2,0,1,0,0,1,0,0,0,1,9,2,1,10,nlogn,326.java
1,0,1,0,0,1,0,0,0,1,9,2,1,9,nlogn,327.java
0,0,0,0,0,1,0,0,0,0,5,2,1,4,nlogn,41.java
7,0,3,0,0,0,1,0,0,1,13,2,0,19,nlogn,450.java
2,0,2,0,0,0,0,0,0,2,11,2,0,11,nlogn,457.java
1,0,1,0,0,0,0,0,0,1,9,2,0,10,nlogn,458.java
2,0,2,0,0,1,0,0,1,1,17,5,3,18,nlogn,459.java
2,0,1,1,0,1,0,0,0,1,8,2,1,9,nlogn,46.java
1,0,2,0,1,0,0,0,1,1,18,2,1,27,nlogn,460.java
4,0,5,0,0,1,0,0,1,1,27,4,1,44,nlogn,464.java
2,0,6,0,0,0,0,0,0,2,27,3,0,41,nlogn,466.java
0,0,2,0,0,1,0,0,0,1,9,2,1,10,nlogn,474.java
0,0,1,0,0,1,0,0,0,1,7,2,1,7,nlogn,475.java
1,0,1,0,0,1,0,0,0,1,11,2,1,16,nlogn,476.java
1,0,4,0,0,0,0,0,0,2,16,2,1,13,nlogn,477.java
0,0,1,0,0,1,0,0,0,1,6,2,0,5,nlogn,48.java
0,0,1,0,0,2,0,0,0,1,9,2,1,8,nlogn,480.java
1,0,2,0,1,0,0,0,0,1,8,2,1,9,nlogn,482.java
1,0,1,0,1,0,0,0,0,1,9,2,1,10,nlogn,483.java
2,0,1,0,0,2,0,0,0,1,9,2,1,9,nlogn,484.java
2,0,1,0,0,1,0,0,0,1,7,2,2,6,nlogn,485.java
2,0,1,0,0,1,0,0,0,1,9,2,1,13,nlogn,486.java
1,0,2,1,0,1,0,0,0,1,19,2,2,16,nlogn,491.java
0,0,2,0,0,1,0,0,0,1,15,3,2,11,nlogn,493.java
0,0,1,0,0,1,0,0,0,1,10,2,1,9,nlogn,498.java
6,0,2,0,0,0,0,0,1,1,25,10,9,30,nlogn,499.java
0,0,1,0,0,1,0,0,0,1,10,2,1,8,nlogn,501.java
0,0,1,0,0,1,0,0,0,1,11,3,1,10,nlogn,502.java
2,0,1,0,0,2,0,0,0,1,11,2,1,13,nlogn,503.java
4,0,1,0,0,1,0,0,0,1,14,2,3,16,nlogn,504.java
1,0,1,0,0,1,0,0,0,1,10,2,2,8,nlogn,505.java
1,0,2,0,0,1,0,0,0,1,10,2,2,10,nlogn,510.java
5,0,2,0,0,0,0,0,1,1,23,4,2,27,nlogn,523.java
0,0,1,0,0,1,0,0,0,1,6,2,0,5,nlogn,525.java
0,0,0,0,0,1,0,0,0,0,5,2,1,4,nlogn,546.java
2,0,6,0,0,2,0,0,0,1,15,2,1,21,nlogn,561.java
3,0,4,0,0,2,0,0,0,1,13,1,0,22,nlogn,562.java
2,0,6,0,0,2,0,0,0,1,15,1,0,21,nlogn,564.java
6,0,4,2,0,0,0,0,0,1,22,2,5,26,nlogn,572.java
4,0,5,0,0,0,0,0,0,1,19,3,3,24,nlogn,575.java
4,0,1,1,0,1,0,0,0,1,10,1,1,18,nlogn,577.java
3,0,1,0,0,0,0,0,0,1,10,1,1,15,nlogn,579.java
1,0,4,0,0,0,0,0,0,2,15,3,1,11,nlogn,58.java
2,0,3,0,0,0,0,0,0,1,15,2,2,13,nlogn,584.java
2,0,4,0,0,0,0,0,0,2,15,2,3,14,nlogn,586.java
1,0,2,0,0,1,0,0,0,1,11,1,0,13,nlogn,605.java
2,0,2,0,0,1,0,0,0,1,12,1,0,19,nlogn,606.java
3,0,2,0,0,1,0,0,0,1,11,1,0,18,nlogn,607.java
3,0,4,0,0,1,0,0,0,1,16,3,2,24,nlogn,610.java
4,0,2,0,0,1,0,0,0,1,23,1,0,29,nlogn,612.java
3,0,5,0,0,2,0,0,0,2,17,1,1,21,nlogn,626.java
7,0,7,0,0,2,0,0,0,1,35,6,5,41,nlogn,627.java
0,0,1,0,0,0,0,0,0,1,5,3,2,3,nlogn,629.java
2,0,3,0,0,0,1,0,0,1,16,3,2,12,nlogn,649.java
1,0,3,0,0,1,0,0,0,1,12,1,0,17,nlogn,651.java
3,0,9,0,0,0,0,0,1,2,65,10,7,62,nlogn,652.java
4,0,4,2,0,0,1,0,0,2,15,1,2,18,nlogn,661.java
7,0,4,0,0,0,0,0,0,1,15,4,4,22,nlogn,663.java
4,0,2,0,0,0,1,0,0,1,14,2,1,18,nlogn,664.java
2,0,5,0,1,0,0,0,0,1,25,2,0,24,nlogn,666.java
6,0,4,2,0,0,0,0,0,1,22,2,5,26,nlogn,677.java
4,0,5,0,0,0,0,0,0,1,19,3,3,24,nlogn,680.java
4,0,1,1,0,1,0,0,0,1,10,1,1,18,nlogn,682.java
3,0,1,0,0,0,0,0,0,1,10,1,1,15,nlogn,684.java
2,0,3,0,0,0,0,0,0,1,15,2,2,13,nlogn,689.java
2,0,4,0,0,0,0,0,0,2,15,2,3,14,nlogn,691.java
4,0,1,0,0,1,0,0,0,1,14,2,3,16,nlogn,70.java
2,0,3,1,0,1,0,0,0,1,21,4,3,23,nlogn,707.java
6,0,6,0,0,1,0,0,0,2,35,7,6,36,nlogn,727.java
1,0,7,0,0,0,0,0,0,2,32,6,4,31,nlogn,737.java
10,0,5,2,0,0,1,0,1,1,17,4,10,15,nlogn,744.java
8,0,4,0,0,0,0,0,0,1,16,6,6,21,nlogn,749.java
5,0,13,0,0,0,0,0,0,2,45,8,11,36,nlogn,751.java
7,0,5,0,0,2,0,0,0,1,25,5,3,30,nlogn,755.java
1,0,4,0,0,0,0,0,0,1,20,4,3,23,nlogn,760.java
1,0,2,0,0,1,0,0,0,1,11,1,0,13,nlogn,767.java
0,0,0,0,0,0,0,0,0,0,14,1,0,1,nlogn,784.java
18,0,10,0,0,0,0,0,1,2,50,10,13,71,nlogn,787.java
0,0,4,0,0,1,0,0,0,1,14,1,0,14,nlogn,788.java
2,0,4,1,0,1,0,0,0,1,13,3,3,13,nlogn,792.java
5,0,6,0,0,0,0,0,1,1,31,5,6,34,nlogn,805.java
6,0,7,1,0,0,0,0,0,2,31,4,5,48,nlogn,808.java
4,0,9,0,0,1,0,0,1,1,37,9,6,54,nlogn,810.java
10,0,7,0,0,1,0,0,1,1,38,6,7,37,nlogn,812.java
1,0,1,0,0,0,0,0,0,1,7,1,0,10,nlogn,818.java
5,0,3,0,0,0,0,0,0,1,15,1,0,24,nlogn,819.java
1,0,1,0,0,1,0,0,0,1,6,2,1,5,nlogn,83.java
14,0,3,0,0,1,0,0,1,1,31,3,4,39,nlogn,833.java
5,0,4,0,0,1,0,0,0,1,22,5,4,26,nlogn,838.java
5,0,3,0,0,0,0,0,0,2,14,1,0,34,nlogn,844.java
8,0,10,0,0,0,0,0,0,2,48,10,9,48,nlogn,845.java
0,0,3,0,0,0,0,0,0,1,13,3,2,10,nlogn,847.java
10,0,7,0,0,0,0,0,0,2,29,6,6,42,nlogn,850.java
13,0,12,0,1,0,0,0,1,2,61,9,10,74,nlogn,855.java
38,1,8,0,0,0,0,0,1,3,98,29,42,127,nlogn,866.java
1,0,1,0,0,1,0,0,0,1,7,2,0,8,nlogn,87.java
7,0,4,0,0,0,0,0,0,1,29,4,2,35,nlogn,872.java
5,0,6,0,0,0,0,0,0,2,22,4,3,26,nlogn,879.java
1,0,4,0,0,0,0,0,0,2,19,3,0,17,nlogn,88.java
3,0,3,1,0,1,0,0,0,1,17,4,5,15,nlogn,882.java
5,0,3,1,1,0,0,0,0,2,12,1,1,24,nlogn,884.java
4,0,4,1,0,0,0,0,0,2,14,1,1,26,nlogn,888.java
7,0,10,1,0,0,0,0,0,2,27,5,4,34,nlogn,895.java
7,0,3,0,0,1,0,0,0,1,22,5,2,27,nlogn,897.java
5,0,19,0,0,0,1,0,1,2,58,11,1,65,nlogn,901.java
1,0,1,0,0,1,0,0,0,1,6,1,0,8,nlogn,904.java
0,0,1,0,0,1,0,0,0,1,9,3,2,7,nlogn,907.java
3,0,4,1,0,1,0,0,0,1,17,3,3,22,nlogn,909.java
4,0,4,0,0,0,0,0,1,1,25,6,6,26,nlogn,912.java
2,0,3,0,0,0,0,0,0,1,10,2,2,11,nlogn,914.java
4,0,5,0,0,0,0,0,0,2,24,5,3,25,nlogn,915.java
2,0,2,0,0,1,0,0,0,1,10,1,1,14,nlogn,919.java
2,0,2,0,0,0,0,0,0,1,10,1,0,12,nlogn,920.java
3,0,4,1,0,1,0,0,0,1,24,4,3,18,nlogn,924.java
2,0,4,0,0,0,0,0,1,1,20,4,3,19,nlogn,93.java
3,0,5,0,1,1,0,0,0,1,24,3,2,26,nlogn,930.java
19,0,5,0,0,0,0,0,1,2,37,10,17,53,nlogn,934.java
6,0,3,0,0,0,0,0,0,1,20,6,6,14,nlogn,936.java
1,0,3,0,0,1,0,0,0,1,12,1,0,17,nlogn,945.java
5,0,2,0,0,0,0,0,1,1,23,4,2,27,nlogn,95.java
5,0,2,0,0,0,0,0,0,1,29,3,2,39,nlogn,953.java
4,1,5,4,0,0,0,0,0,2,29,2,5,36,nlogn,955.java
9,0,4,0,0,0,0,0,0,1,42,8,7,56,nlogn,956.java
3,0,2,0,0,0,0,0,0,1,20,5,2,24,nlogn,957.java
21,0,21,1,0,0,0,0,1,2,133,39,25,96,nlogn,958.java
2,0,2,0,0,1,0,0,0,1,15,1,0,16,nlogn,960.java
9,0,6,0,0,1,0,0,0,1,29,6,5,37,nlogn,961.java
1,0,3,0,0,1,0,0,0,1,18,5,4,18,nlogn,964.java
1,0,2,0,0,1,0,0,0,1,16,3,3,16,nlogn,966.java
2,0,3,0,0,1,0,0,0,1,15,3,2,15,nlogn,967.java
4,0,5,0,0,0,0,0,1,2,27,6,6,21,nlogn,975.java
4,0,4,0,0,0,0,0,0,1,16,1,0,22,nlogn,980.java